Trade number;Instrument;Account;Strategy;Market pos.;Qty;Entry price;Exit price;Entry time;Exit time;Entry name;Exit name;Profit;Cum. net profit;Commission;Clearing Fee;Exchange Fee;IP Fee;NFA Fee;MAE;MFE;ETD;Bars;
1;NQ DEC25;APEX3264990000015;;Long;1;25556,50;25557,75;12/12/2025 08:45:09;12/12/2025 08:53:16;;;$ 21,90;$ 21,90;$ 3,10;$ 0,00;$ 0,00;$ 0,00;$ 0,00;$ 25,00;$ 25,00;$ 3,10;0;
2;NQ DEC25;APEX3264990000015;;Long;1;25580,50;25568,75;12/12/2025 08:56:28;12/12/2025 08:59:11;;;-$ 238,10;-$ 216,20;$ 3,10;$ 0,00;$ 0,00;$ 0,00;$ 0,00;$ 235,00;$ 235,00;$ 473,10;0;
3;MNQ DEC25;APEX3264990000015;;Long;4;25561,50;25564,25;12/12/2025 08:45:38;12/12/2025 08:59:32;;;$ 17,84;-$ 198,36;$ 4,16;$ 0,00;$ 0,00;$ 0,00;$ 0,00;$ 22,00;$ 22,00;$ 4,16;0;
4;MNQ DEC25;APEX3264990000015;;Long;2;25559,75;25564,25;12/12/2025 08:53:28;12/12/2025 08:59:32;;;$ 15,92;-$ 182,44;$ 2,08;$ 0,00;$ 0,00;$ 0,00;$ 0,00;$ 18,00;$ 18,00;$ 2,08;0;
5;MNQ DEC25;APEX3264990000015;;Long;4;25568,00;25583,75;12/12/2025 08:59:59;12/12/2025 09:18:01;;;$ 121,84;-$ 60,60;$ 4,16;$ 0,00;$ 0,00;$ 0,00;$ 0,00;$ 126,00;$ 126,00;$ 4,16;0;
6;NQ DEC25;APEX3264990000015;;Long;1;25567,00;25582,75;12/12/2025 08:59:44;12/12/2025 09:18:33;;;$ 311,90;$ 251,30;$ 3,10;$ 0,00;$ 0,00;$ 0,00;$ 0,00;$ 315,00;$ 315,00;$ 3,10;0;
7;MNQ DEC25;APEX3264990000015;;Long;4;25564,00;25550,25;12/12/2025 10:42:48;12/12/2025 10:44:19;;;-$ 114,16;$ 137,14;$ 4,16;$ 0,00;$ 0,00;$ 0,00;$ 0,00;$ 110,00;$ 110,00;$ 224,16;0;
8;MNQ DEC25;APEX3264990000015;;Long;3;25563,50;25532,25;12/12/2025 10:46:22;12/12/2025 10:47:49;;;-$ 190,62;-$ 53,48;$ 3,12;$ 0,00;$ 0,00;$ 0,00;$ 0,00;$ 187,50;$ 187,50;$ 378,12;0;
9;MNQ DEC25;APEX3264990000015;;Long;1;25563,50;25532,25;12/12/2025 10:46:22;12/12/2025 10:47:49;;;-$ 63,54;-$ 117,02;$ 1,04;$ 0,00;$ 0,00;$ 0,00;$ 0,00;$ 62,50;$ 62,50;$ 126,04;0;
10;NQ DEC25;APEX3264990000015;;Long;1;25492,50;25478,75;12/12/2025 11:04:14;12/12/2025 11:06:53;;;-$ 278,10;-$ 395,12;$ 3,10;$ 0,00;$ 0,00;$ 0,00;$ 0,00;$ 275,00;$ 275,00;$ 553,10;0;
11;MNQ DEC25;APEX3264990000015;;Long;4;25435,75;25405,50;12/12/2025 11:15:40;12/12/2025 11:21:24;;;-$ 246,16;-$ 641,28;$ 4,16;$ 0,00;$ 0,00;$ 0,00;$ 0,00;$ 242,00;$ 242,00;$ 488,16;0;
12;MNQ DEC25;APEX3264990000015;;Long;2;25381,00;25348,75;12/12/2025 11:25:01;12/12/2025 11:28:25;;;-$ 131,08;-$ 772,36;$ 2,08;$ 0,00;$ 0,00;$ 0,00;$ 0,00;$ 129,00;$ 129,00;$ 260,08;0;
13;MNQ DEC25;APEX3264990000015;;Long;2;25359,25;25323,25;12/12/2025 11:33:25;12/12/2025 11:36:02;;;-$ 146,08;-$ 918,44;$ 2,08;$ 0,00;$ 0,00;$ 0,00;$ 0,00;$ 144,00;$ 144,00;$ 290,08;0;
14;MNQ DEC25;APEX3264990000015;;Long;2;25346,75;25323,25;12/12/2025 11:34:23;12/12/2025 11:36:02;;;-$ 96,08;-$ 1014,52;$ 2,08;$ 0,00;$ 0,00;$ 0,00;$ 0,00;$ 94,00;$ 94,00;$ 190,08;0;
15;MNQ DEC25;APEX3264990000015;;Long;1;25345,25;25355,50;12/12/2025 11:36:24;12/12/2025 11:51:04;;;$ 19,46;-$ 995,06;$ 1,04;$ 0,00;$ 0,00;$ 0,00;$ 0,00;$ 20,50;$ 20,50;$ 1,04;0;
16;MNQ DEC25;APEX3264990000015;;Long;1;25343,50;25355,50;12/12/2025 11:36:26;12/12/2025 11:51:04;;;$ 22,96;-$ 972,10;$ 1,04;$ 0,00;$ 0,00;$ 0,00;$ 0,00;$ 24,00;$ 24,00;$ 1,04;0;
17;MNQ DEC25;APEX3264990000015;;Long;1;25354,50;25355,50;12/12/2025 11:36:35;12/12/2025 11:51:04;;;$ 0,96;-$ 971,14;$ 1,04;$ 0,00;$ 0,00;$ 0,00;$ 0,00;$ 2,00;$ 2,00;$ 1,04;0;
18;MNQ DEC25;APEX3264990000015;;Long;1;25357,25;25355,50;12/12/2025 11:36:36;12/12/2025 11:51:04;;;-$ 4,54;-$ 975,68;$ 1,04;$ 0,00;$ 0,00;$ 0,00;$ 0,00;$ 3,50;$ 3,50;$ 8,04;0;
19;MNQ DEC25;APEX3264990000015;;Long;1;25362,50;25326,75;12/12/2025 11:52:07;12/12/2025 11:55:00;;;-$ 72,54;-$ 1048,22;$ 1,04;$ 0,00;$ 0,00;$ 0,00;$ 0,00;$ 71,50;$ 71,50;$ 144,04;0;
20;MNQ DEC25;APEX3264990000015;;Long;1;25354,75;25326,75;12/12/2025 11:52:39;12/12/2025 11:55:00;;;-$ 57,04;-$ 1105,26;$ 1,04;$ 0,00;$ 0,00;$ 0,00;$ 0,00;$ 56,00;$ 56,00;$ 113,04;0;
21;MNQ DEC25;APEX3264990000015;;Long;1;25355,00;25326,75;12/12/2025 11:53:18;12/12/2025 11:55:00;;;-$ 57,54;-$ 1162,80;$ 1,04;$ 0,00;$ 0,00;$ 0,00;$ 0,00;$ 56,50;$ 56,50;$ 114,04;0;
22;MNQ DEC25;APEX3264990000015;;Long;1;25253,50;25208,25;12/12/2025 12:01:29;12/12/2025 12:03:57;;;-$ 91,54;-$ 1254,34;$ 1,04;$ 0,00;$ 0,00;$ 0,00;$ 0,00;$ 90,50;$ 90,50;$ 182,04;0;
23;MNQ DEC25;APEX3264990000015;;Long;1;25240,50;25208,25;12/12/2025 12:02:13;12/12/2025 12:03:57;;;-$ 65,54;-$ 1319,88;$ 1,04;$ 0,00;$ 0,00;$ 0,00;$ 0,00;$ 64,50;$ 64,50;$ 130,04;0;
24;MNQ DEC25;APEX3264990000015;;Long;1;25204,25;25160,00;12/12/2025 12:09:44;12/12/2025 12:11:35;;;-$ 89,54;-$ 1409,42;$ 1,04;$ 0,00;$ 0,00;$ 0,00;$ 0,00;$ 88,50;$ 88,50;$ 178,04;0;
25;MES DEC25;APEX3264990000015;;Long;1;6822,50;6820,50;12/12/2025 12:12:15;12/12/2025 12:18:55;;;-$ 11,04;-$ 1420,46;$ 1,04;$ 0,00;$ 0,00;$ 0,00;$ 0,00;$ 10,00;$ 10,00;$ 21,04;0;
26;MES DEC25;APEX3264990000015;;Long;4;6821,00;6820,50;12/12/2025 12:12:24;12/12/2025 12:18:55;;;-$ 14,16;-$ 1434,62;$ 4,16;$ 0,00;$ 0,00;$ 0,00;$ 0,00;$ 10,00;$ 10,00;$ 24,16;0;
27;MES DEC25;APEX3264990000015;;Long;3;6826,50;6820,50;12/12/2025 12:17:03;12/12/2025 12:18:55;;;-$ 93,12;-$ 1527,74;$ 3,12;$ 0,00;$ 0,00;$ 0,00;$ 0,00;$ 90,00;$ 90,00;$ 183,12;0;
28;MES DEC25;APEX3264990000015;;Long;3;6825,00;6812,50;12/12/2025 12:20:02;12/12/2025 12:21:26;;;-$ 190,62;-$ 1718,36;$ 3,12;$ 0,00;$ 0,00;$ 0,00;$ 0,00;$ 187,50;$ 187,50;$ 378,12;0;
29;MES DEC25;APEX3264990000015;;Long;1;6815,25;6815,75;12/12/2025 12:22:36;12/12/2025 12:25:28;;;$ 1,46;-$ 1716,90;$ 1,04;$ 0,00;$ 0,00;$ 0,00;$ 0,00;$ 10,00;$ 2,50;$ 1,04;0;
30;MNQ DEC25;APEX3264990000015;;Long;1;25152,25;25160,75;12/12/2025 12:22:33;12/12/2025 12:34:14;;;$ 15,96;-$ 1700,94;$ 1,04;$ 0,00;$ 0,00;$ 0,00;$ 0,00;$ 17,00;$ 17,00;$ 1,04;0;
31;MNQ DEC25;APEX3264990000015;;Long;1;25152,25;25160,75;12/12/2025 12:22:33;12/12/2025 12:34:14;;;$ 15,96;-$ 1684,98;$ 1,04;$ 0,00;$ 0,00;$ 0,00;$ 0,00;$ 17,00;$ 17,00;$ 1,04;0;
32;MNQ DEC25;APEX3264990000015;;Long;1;25171,00;25160,75;12/12/2025 12:33:08;12/12/2025 12:34:14;;;-$ 21,54;-$ 1706,52;$ 1,04;$ 0,00;$ 0,00;$ 0,00;$ 0,00;$ 20,50;$ 20,50;$ 42,04;0;
33;MES DEC25;APEX3264990000015;;Long;1;6815,25;6813,25;12/12/2025 12:22:36;12/12/2025 12:34:33;;;-$ 11,04;-$ 1717,56;$ 1,04;$ 0,00;$ 0,00;$ 0,00;$ 0,00;$ 10,00;$ 2,50;$ 13,54;0;
34;MES DEC25;APEX3264990000015;;Long;1;6823,00;6813,25;12/12/2025 12:30:40;12/12/2025 12:34:33;;;-$ 49,79;-$ 1767,35;$ 1,04;$ 0,00;$ 0,00;$ 0,00;$ 0,00;$ 48,75;$ 48,75;$ 98,54;0;
35;MNQ DEC25;APEX3264990000015;;Long;2;25173,25;25154,50;12/12/2025 12:34:58;12/12/2025 12:36:30;;;-$ 77,08;-$ 1844,43;$ 2,08;$ 0,00;$ 0,00;$ 0,00;$ 0,00;$ 75,00;$ 75,00;$ 152,08;0;
36;MES DEC25;APEX3264990000015;;Long;1;6815,75;6812,50;12/12/2025 12:35:52;12/12/2025 12:37:34;;;-$ 17,29;-$ 1861,72;$ 1,04;$ 0,00;$ 0,00;$ 0,00;$ 0,00;$ 16,25;$ 16,25;$ 33,54;0;
37;MNQ DEC25;APEX3264990000015;;Long;1;25165,25;25288,00;12/12/2025 12:42:30;12/12/2025 13:19:28;;;$ 244,46;-$ 1617,26;$ 1,04;$ 0,00;$ 0,00;$ 0,00;$ 0,00;$ 245,50;$ 245,50;$ 1,04;0;
38;MNQ DEC25;APEX3264990000015;;Long;1;25153,00;25272,25;12/12/2025 12:42:42;12/12/2025 13:24:17;;;$ 237,46;-$ 1379,80;$ 1,04;$ 0,00;$ 0,00;$ 0,00;$ 0,00;$ 238,50;$ 238,50;$ 1,04;0;
39;MNQ DEC25;APEX3264990000015;;Long;1;25155,25;25272,25;12/12/2025 12:42:47;12/12/2025 13:24:17;;;$ 232,96;-$ 1146,84;$ 1,04;$ 0,00;$ 0,00;$ 0,00;$ 0,00;$ 234,00;$ 234,00;$ 1,04;0;
40;MNQ DEC25;APEX3264990000015;;Long;1;25149,75;25272,25;12/12/2025 12:50:07;12/12/2025 13:24:17;;;$ 243,96;-$ 902,88;$ 1,04;$ 0,00;$ 0,00;$ 0,00;$ 0,00;$ 245,00;$ 245,00;$ 1,04;0;
41;MNQ DEC25;APEX3264990000015;;Long;1;25237,75;25272,25;12/12/2025 13:10:05;12/12/2025 13:24:17;;;$ 67,96;-$ 834,92;$ 1,04;$ 0,00;$ 0,00;$ 0,00;$ 0,00;$ 69,00;$ 69,00;$ 1,04;0;
42;NQ DEC25;APEX3264990000015;;Long;1;25270,00;25273,00;12/12/2025 13:24:40;12/12/2025 13:25:01;;;$ 56,90;-$ 778,02;$ 3,10;$ 0,00;$ 0,00;$ 0,00;$ 0,00;$ 60,00;$ 60,00;$ 3,10;0;
43;NQ DEC25;APEX3264990000015;;Long;1;25261,25;25257,50;12/12/2025 13:25:24;12/12/2025 13:25:30;;;-$ 78,10;-$ 856,12;$ 3,10;$ 0,00;$ 0,00;$ 0,00;$ 0,00;$ 75,00;$ 75,00;$ 153,10;0;
44;NQ DEC25;APEX3264990000015;;Long;1;25250,25;25243,50;12/12/2025 13:25:45;12/12/2025 13:26:07;;;-$ 138,10;-$ 994,22;$ 3,10;$ 0,00;$ 0,00;$ 0,00;$ 0,00;$ 135,00;$ 135,00;$ 273,10;0;
45;MNQ DEC25;APEX3264990000015;;Long;2;25200,50;25267,50;12/12/2025 13:32:06;12/12/2025 13:41:18;;;$ 265,92;-$ 728,30;$ 2,08;$ 0,00;$ 0,00;$ 0,00;$ 0,00;$ 268,00;$ 268,00;$ 2,08;0;
46;MNQ DEC25;APEX3264990000015;;Long;1;25277,50;25268,50;12/12/2025 15:03:42;12/12/2025 15:06:04;;;-$ 19,04;-$ 747,34;$ 1,04;$ 0,00;$ 0,00;$ 0,00;$ 0,00;$ 18,00;$ 18,00;$ 37,04;0;
47;MNQ DEC25;APEX3264990000015;;Long;1;25277,75;25268,50;12/12/2025 15:04:08;12/12/2025 15:06:04;;;-$ 19,54;-$ 766,88;$ 1,04;$ 0,00;$ 0,00;$ 0,00;$ 0,00;$ 18,50;$ 18,50;$ 38,04;0;
48;MNQ DEC25;APEX3264990000015;;Long;1;25281,50;25268,50;12/12/2025 15:04:11;12/12/2025 15:06:04;;;-$ 27,04;-$ 793,92;$ 1,04;$ 0,00;$ 0,00;$ 0,00;$ 0,00;$ 26,00;$ 26,00;$ 53,04;0;
49;MNQ DEC25;APEX3264990000015;;Long;1;25281,25;25268,50;12/12/2025 15:04:35;12/12/2025 15:06:04;;;-$ 26,54;-$ 820,46;$ 1,04;$ 0,00;$ 0,00;$ 0,00;$ 0,00;$ 25,50;$ 25,50;$ 52,04;0;
50;MNQ DEC25;APEX3264990000015;;Long;1;25281,25;25268,50;12/12/2025 15:04:39;12/12/2025 15:06:04;;;-$ 26,54;-$ 847,00;$ 1,04;$ 0,00;$ 0,00;$ 0,00;$ 0,00;$ 25,50;$ 25,50;$ 52,04;0;
51;NQ DEC25;APEX3264990000015;;Long;1;25270,00;25270,75;12/12/2025 15:07:17;12/12/2025 15:08:19;;;$ 11,90;-$ 835,10;$ 3,10;$ 0,00;$ 0,00;$ 0,00;$ 0,00;$ 15,00;$ 15,00;$ 3,10;0;
52;MNQ DEC25;APEX3264990000015;;Long;1;25229,00;25228,00;12/12/2025 16:14:56;12/12/2025 16:15:15;;;-$ 3,04;-$ 838,14;$ 1,04;$ 0,00;$ 0,00;$ 0,00;$ 0,00;$ 2,00;$ 2,00;$ 5,04;0;
53;MNQ DEC25;APEX3264990000015;;Long;1;25229,00;25228,00;12/12/2025 16:14:56;12/12/2025 16:15:15;;;-$ 3,04;-$ 841,18;$ 1,04;$ 0,00;$ 0,00;$ 0,00;$ 0,00;$ 2,00;$ 2,00;$ 5,04;0;
54;MNQ DEC25;APEX3264990000015;;Short;1;25231,00;25239,75;12/12/2025 16:16:00;12/12/2025 16:16:14;;;-$ 18,54;-$ 859,72;$ 1,04;$ 0,00;$ 0,00;$ 0,00;$ 0,00;$ 17,50;$ 17,50;$ 36,04;0;
55;MNQ DEC25;APEX3264990000015;;Short;1;25230,75;25239,75;12/12/2025 16:16:00;12/12/2025 16:16:14;;;-$ 19,04;-$ 878,76;$ 1,04;$ 0,00;$ 0,00;$ 0,00;$ 0,00;$ 18,00;$ 18,00;$ 37,04;0;
56;MNQ DEC25;APEX3264990000015;;Short;1;25235,50;25216,50;12/12/2025 16:16:52;12/12/2025 16:26:31;;;$ 36,96;-$ 841,80;$ 1,04;$ 0,00;$ 0,00;$ 0,00;$ 0,00;$ 38,00;$ 38,00;$ 1,04;0;
57;MNQ DEC25;APEX3264990000015;;Short;1;25233,75;25216,50;12/12/2025 16:17:08;12/12/2025 16:26:31;;;$ 33,46;-$ 808,34;$ 1,04;$ 0,00;$ 0,00;$ 0,00;$ 0,00;$ 34,50;$ 34,50;$ 1,04;0;
58;MNQ DEC25;APEX3264990000015;;Short;1;25237,25;25216,50;12/12/2025 16:17:26;12/12/2025 16:26:31;;;$ 40,46;-$ 767,88;$ 1,04;$ 0,00;$ 0,00;$ 0,00;$ 0,00;$ 41,50;$ 41,50;$ 1,04;0;
59;MNQ DEC25;APEX3264990000015;;Short;1;25236,50;25216,50;12/12/2025 16:17:28;12/12/2025 16:26:31;;;$ 38,96;-$ 728,92;$ 1,04;$ 0,00;$ 0,00;$ 0,00;$ 0,00;$ 40,00;$ 40,00;$ 1,04;0;
60;MNQ DEC25;APEX3264990000015;;Short;1;25237,00;25216,50;12/12/2025 16:21:53;12/12/2025 16:26:31;;;$ 39,96;-$ 688,96;$ 1,04;$ 0,00;$ 0,00;$ 0,00;$ 0,00;$ 41,00;$ 41,00;$ 1,04;0;
61;NQ DEC25;APEX3264990000015;;Long;1;25211,25;25212,75;12/12/2025 16:27:06;12/12/2025 16:28:06;;;$ 26,90;-$ 662,06;$ 3,10;$ 0,00;$ 0,00;$ 0,00;$ 0,00;$ 30,00;$ 30,00;$ 3,10;0;
62;MNQ DEC25;APEX3264990000015;;Long;3;25208,25;25203,00;12/12/2025 16:28:36;12/12/2025 16:30:56;;;-$ 34,62;-$ 696,68;$ 3,12;$ 0,00;$ 0,00;$ 0,00;$ 0,00;$ 31,50;$ 31,50;$ 66,12;0;
63;MNQ DEC25;APEX3264990000015;;Long;3;25171,75;25166,50;12/12/2025 16:32:25;12/12/2025 16:36:29;;;-$ 34,62;-$ 731,30;$ 3,12;$ 0,00;$ 0,00;$ 0,00;$ 0,00;$ 31,50;$ 31,50;$ 66,12;0;
64;MNQ DEC25;APEX3264990000015;;Long;3;25157,50;25214,75;12/12/2025 16:38:42;12/12/2025 16:49:24;;;$ 340,38;-$ 390,92;$ 3,12;$ 0,00;$ 0,00;$ 0,00;$ 0,00;$ 343,50;$ 343,50;$ 3,12;0;
65;MNQ DEC25;APEX3264990000015;;Long;2;25198,75;25204,75;12/12/2025 16:49:58;12/12/2025 16:50:17;;;$ 21,92;-$ 369,00;$ 2,08;$ 0,00;$ 0,00;$ 0,00;$ 0,00;$ 24,00;$ 24,00;$ 2,08;0;
66;MNQ DEC25;APEX3264990000015;;Long;2;25208,25;25204,75;12/12/2025 16:50:08;12/12/2025 16:50:17;;;-$ 16,08;-$ 385,08;$ 2,08;$ 0,00;$ 0,00;$ 0,00;$ 0,00;$ 14,00;$ 14,00;$ 30,08;0;
67;MNQ DEC25;APEX3264990000015;;Long;2;25200,25;25189,50;12/12/2025 16:50:38;12/12/2025 16:51:50;;;-$ 45,08;-$ 430,16;$ 2,08;$ 0,00;$ 0,00;$ 0,00;$ 0,00;$ 43,00;$ 43,00;$ 88,08;0;
68;MNQ DEC25;APEX3264990000015;;Long;2;25192,00;25193,50;12/12/2025 16:50:54;12/12/2025 16:52:39;;;$ 3,92;-$ 426,24;$ 2,08;$ 0,00;$ 0,00;$ 0,00;$ 0,00;$ 6,00;$ 6,00;$ 2,08;0;
69;MNQ DEC25;APEX3264990000015;;Long;1;25184,50;25190,00;12/12/2025 16:54:11;12/12/2025 16:54:50;;;$ 9,96;-$ 416,28;$ 1,04;$ 0,00;$ 0,00;$ 0,00;$ 0,00;$ 11,00;$ 11,00;$ 1,04;0;
70;MNQ DEC25;APEX3264990000015;;Long;1;25184,50;25190,00;12/12/2025 16:54:11;12/12/2025 16:54:50;;;$ 9,96;-$ 406,32;$ 1,04;$ 0,00;$ 0,00;$ 0,00;$ 0,00;$ 11,00;$ 11,00;$ 1,04;0;
71;MNQ DEC25;APEX3264990000015;;Long;1;25173,25;25190,00;12/12/2025 16:54:26;12/12/2025 16:54:50;;;$ 32,46;-$ 373,86;$ 1,04;$ 0,00;$ 0,00;$ 0,00;$ 0,00;$ 33,50;$ 33,50;$ 1,04;0;
72;MNQ DEC25;APEX3264990000015;;Short;4;25313,50;25239,75;15/12/2025 10:40:47;15/12/2025 10:59:14;;;$ 585,84;$ 211,98;$ 4,16;$ 0,00;$ 0,00;$ 0,00;$ 0,00;$ 590,00;$ 590,00;$ 4,16;0;
73;MNQ MAR26;APEX3264990000015;;Long;4;25237,25;25263,50;16/12/2025 10:02:32;16/12/2025 10:07:40;;;$ 205,84;$ 417,82;$ 4,16;$ 0,00;$ 0,00;$ 0,00;$ 0,00;$ 210,00;$ 210,00;$ 4,16;0;
74;MNQ MAR26;APEX3264990000015;;Long;2;25206,25;25172,75;16/12/2025 13:59:00;16/12/2025 14:03:30;;;-$ 136,08;$ 281,74;$ 2,08;$ 0,00;$ 0,00;$ 0,00;$ 0,00;$ 134,00;$ 134,00;$ 270,08;0;
75;MNQ MAR26;APEX3264990000015;;Long;2;25201,50;25172,75;16/12/2025 14:01:25;16/12/2025 14:03:30;;;-$ 117,08;$ 164,66;$ 2,08;$ 0,00;$ 0,00;$ 0,00;$ 0,00;$ 115,00;$ 115,00;$ 232,08;0;
76;MNQ MAR26;APEX3264990000015;;Long;2;25198,50;25200,00;16/12/2025 14:03:49;16/12/2025 14:12:00;;;$ 3,92;$ 168,58;$ 2,08;$ 0,00;$ 0,00;$ 0,00;$ 0,00;$ 6,00;$ 6,00;$ 2,08;0;
77;MNQ MAR26;APEX3264990000015;;Long;2;25198,50;25200,00;16/12/2025 14:03:49;16/12/2025 14:12:00;;;$ 3,92;$ 172,50;$ 2,08;$ 0,00;$ 0,00;$ 0,00;$ 0,00;$ 6,00;$ 6,00;$ 2,08;0;
78;MNQ MAR26;APEX3264990000015;;Long;2;25187,50;25200,00;16/12/2025 14:06:36;16/12/2025 14:12:00;;;$ 47,92;$ 220,42;$ 2,08;$ 0,00;$ 0,00;$ 0,00;$ 0,00;$ 50,00;$ 50,00;$ 2,08;0;
79;MNQ MAR26;APEX3264990000015;;Long;2;25196,00;25307,25;16/12/2025 14:22:36;16/12/2025 14:42:40;;;$ 442,92;$ 663,34;$ 2,08;$ 0,00;$ 0,00;$ 0,00;$ 0,00;$ 445,00;$ 445,00;$ 2,08;0;
80;MNQ MAR26;APEX3264990000015;;Long;1;25196,00;25307,25;16/12/2025 14:22:36;16/12/2025 14:42:40;;;$ 221,46;$ 884,80;$ 1,04;$ 0,00;$ 0,00;$ 0,00;$ 0,00;$ 222,50;$ 222,50;$ 1,04;0;
81;MNQ MAR26;APEX3264990000015;;Long;2;25205,00;25307,25;16/12/2025 14:27:59;16/12/2025 14:42:40;;;$ 406,92;$ 1291,72;$ 2,08;$ 0,00;$ 0,00;$ 0,00;$ 0,00;$ 409,00;$ 409,00;$ 2,08;0;
82;MNQ MAR26;APEX3264990000015;;Short;1;25464,25;25397,25;17/12/2025 09:59:13;17/12/2025 10:30:45;;;$ 132,96;$ 1424,68;$ 1,04;$ 0,00;$ 0,00;$ 0,00;$ 0,00;$ 134,00;$ 134,00;$ 1,04;0;
83;MNQ MAR26;APEX3264990000015;;Short;2;25464,25;25397,25;17/12/2025 09:59:13;17/12/2025 10:30:45;;;$ 265,92;$ 1690,60;$ 2,08;$ 0,00;$ 0,00;$ 0,00;$ 0,00;$ 268,00;$ 268,00;$ 2,08;0;
84;MNQ MAR26;APEX3264990000015;;Short;1;25474,75;25397,25;17/12/2025 10:01:42;17/12/2025 10:30:45;;;$ 153,96;$ 1844,56;$ 1,04;$ 0,00;$ 0,00;$ 0,00;$ 0,00;$ 155,00;$ 155,00;$ 1,04;0;
85;MNQ MAR26;APEX3264990000015;;Short;1;25474,75;25397,25;17/12/2025 10:01:42;17/12/2025 10:30:45;;;$ 153,96;$ 1998,52;$ 1,04;$ 0,00;$ 0,00;$ 0,00;$ 0,00;$ 155,00;$ 155,00;$ 1,04;0;
86;MNQ MAR26;APEX3264990000015;;Short;1;25474,50;25397,25;17/12/2025 10:03:09;17/12/2025 10:30:45;;;$ 153,46;$ 2151,98;$ 1,04;$ 0,00;$ 0,00;$ 0,00;$ 0,00;$ 154,50;$ 154,50;$ 1,04;0;
87;MNQ MAR26;APEX3264990000015;;Long;1;25204,00;25159,00;17/12/2025 11:36:38;17/12/2025 11:42:55;;;-$ 91,04;$ 2060,94;$ 1,04;$ 0,00;$ 0,00;$ 0,00;$ 0,00;$ 90,00;$ 90,00;$ 181,04;0;
88;MNQ MAR26;APEX3264990000015;;Long;1;25204,00;25159,00;17/12/2025 11:36:38;17/12/2025 11:42:55;;;-$ 91,04;$ 1969,90;$ 1,04;$ 0,00;$ 0,00;$ 0,00;$ 0,00;$ 90,00;$ 90,00;$ 181,04;0;
89;MNQ MAR26;APEX3264990000015;;Long;1;25192,50;25159,00;17/12/2025 11:39:06;17/12/2025 11:42:55;;;-$ 68,04;$ 1901,86;$ 1,04;$ 0,00;$ 0,00;$ 0,00;$ 0,00;$ 67,00;$ 67,00;$ 135,04;0;
90;MNQ MAR26;APEX3264990000015;;Long;2;25113,00;25070,75;17/12/2025 11:46:02;17/12/2025 11:52:50;;;-$ 171,08;$ 1730,78;$ 2,08;$ 0,00;$ 0,00;$ 0,00;$ 0,00;$ 169,00;$ 169,00;$ 340,08;0;
91;MNQ MAR26;APEX3264990000015;;Long;2;25105,75;25070,75;17/12/2025 11:47:02;17/12/2025 11:52:50;;;-$ 142,08;$ 1588,70;$ 2,08;$ 0,00;$ 0,00;$ 0,00;$ 0,00;$ 140,00;$ 140,00;$ 282,08;0;
92;MNQ MAR26;APEX3264990000015;;Long;2;25086,25;25058,25;17/12/2025 11:54:58;17/12/2025 11:55:14;;;-$ 114,08;$ 1474,62;$ 2,08;$ 0,00;$ 0,00;$ 0,00;$ 0,00;$ 112,00;$ 112,00;$ 226,08;0;
93;MNQ MAR26;APEX3264990000015;;Long;1;25071,75;25026,75;17/12/2025 12:00:09;17/12/2025 12:14:50;;;-$ 91,04;$ 1383,58;$ 1,04;$ 0,00;$ 0,00;$ 0,00;$ 0,00;$ 90,00;$ 90,00;$ 181,04;0;
94;MNQ MAR26;APEX3264990000015;;Long;1;25071,75;25026,75;17/12/2025 12:00:09;17/12/2025 12:14:50;;;-$ 91,04;$ 1292,54;$ 1,04;$ 0,00;$ 0,00;$ 0,00;$ 0,00;$ 90,00;$ 90,00;$ 181,04;0;
95;MNQ MAR26;APEX3264990000015;;Long;1;25051,00;25026,75;17/12/2025 12:01:27;17/12/2025 12:14:50;;;-$ 49,54;$ 1243,00;$ 1,04;$ 0,00;$ 0,00;$ 0,00;$ 0,00;$ 48,50;$ 48,50;$ 98,04;0;
96;MNQ MAR26;APEX3264990000015;;Long;1;25028,50;24998,25;17/12/2025 12:16:48;17/12/2025 12:50:40;;;-$ 61,54;$ 1181,46;$ 1,04;$ 0,00;$ 0,00;$ 0,00;$ 0,00;$ 60,50;$ 60,50;$ 122,04;0;
97;MNQ MAR26;APEX3264990000015;;Long;1;25028,50;24998,25;17/12/2025 12:16:48;17/12/2025 12:50:40;;;-$ 61,54;$ 1119,92;$ 1,04;$ 0,00;$ 0,00;$ 0,00;$ 0,00;$ 60,50;$ 60,50;$ 122,04;0;
98;MNQ MAR26;APEX3264990000015;;Long;1;25059,25;24998,25;17/12/2025 12:22:03;17/12/2025 12:50:40;;;-$ 123,04;$ 996,88;$ 1,04;$ 0,00;$ 0,00;$ 0,00;$ 0,00;$ 122,00;$ 122,00;$ 245,04;0;
99;MNQ MAR26;APEX3264990000015;;Long;1;25064,75;24998,25;17/12/2025 12:24:57;17/12/2025 12:50:40;;;-$ 134,04;$ 862,84;$ 1,04;$ 0,00;$ 0,00;$ 0,00;$ 0,00;$ 133,00;$ 133,00;$ 267,04;0;
100;MNQ MAR26;APEX3264990000015;;Long;1;25046,25;24998,25;17/12/2025 12:31:05;17/12/2025 12:50:40;;;-$ 97,04;$ 765,80;$ 1,04;$ 0,00;$ 0,00;$ 0,00;$ 0,00;$ 96,00;$ 96,00;$ 193,04;0;
101;MNQ MAR26;APEX3264990000015;;Long;1;25025,50;24998,25;17/12/2025 12:38:18;17/12/2025 12:50:40;;;-$ 55,54;$ 710,26;$ 1,04;$ 0,00;$ 0,00;$ 0,00;$ 0,00;$ 54,50;$ 54,50;$ 110,04;0;
102;MNQ MAR26;APEX3264990000015;;Long;1;25044,25;24998,25;17/12/2025 12:46:38;17/12/2025 12:50:40;;;-$ 93,04;$ 617,22;$ 1,04;$ 0,00;$ 0,00;$ 0,00;$ 0,00;$ 92,00;$ 92,00;$ 185,04;0;
103;MNQ MAR26;APEX3264990000015;;Long;2;25025,50;25008,75;17/12/2025 12:53:33;17/12/2025 12:55:16;;;-$ 69,08;$ 548,14;$ 2,08;$ 0,00;$ 0,00;$ 0,00;$ 0,00;$ 67,00;$ 67,00;$ 136,08;0;
104;MNQ MAR26;APEX3264990000015;;Long;1;25013,00;25008,75;17/12/2025 12:55:14;17/12/2025 12:55:16;;;-$ 9,54;$ 538,60;$ 1,04;$ 0,00;$ 0,00;$ 0,00;$ 0,00;$ 8,50;$ 8,50;$ 18,04;0;
105;MNQ MAR26;APEX3264990000015;;Long;2;25003,25;25031,50;17/12/2025 12:55:54;17/12/2025 13:39:18;;;$ 110,92;$ 649,52;$ 2,08;$ 0,00;$ 0,00;$ 0,00;$ 0,00;$ 113,00;$ 113,00;$ 2,08;0;
106;MNQ MAR26;APEX3264990000015;;Long;1;25030,75;25031,50;17/12/2025 13:01:59;17/12/2025 13:39:18;;;$ 0,46;$ 649,98;$ 1,04;$ 0,00;$ 0,00;$ 0,00;$ 0,00;$ 1,50;$ 1,50;$ 1,04;0;
107;MNQ MAR26;APEX3264990000015;;Long;1;25002,25;25031,50;17/12/2025 13:03:33;17/12/2025 13:39:18;;;$ 57,46;$ 707,44;$ 1,04;$ 0,00;$ 0,00;$ 0,00;$ 0,00;$ 58,50;$ 58,50;$ 1,04;0;
108;MNQ MAR26;APEX3264990000015;;Long;1;25006,25;25031,50;17/12/2025 13:05:10;17/12/2025 13:39:18;;;$ 49,46;$ 756,90;$ 1,04;$ 0,00;$ 0,00;$ 0,00;$ 0,00;$ 50,50;$ 50,50;$ 1,04;0;
109;MNQ MAR26;APEX3264990000015;;Long;2;25027,25;25014,25;17/12/2025 13:43:58;17/12/2025 13:44:31;;;-$ 54,08;$ 702,82;$ 2,08;$ 0,00;$ 0,00;$ 0,00;$ 0,00;$ 52,00;$ 52,00;$ 106,08;0;
110;MNQ MAR26;APEX3264990000015;;Long;4;24923,25;24906,75;17/12/2025 16:52:33;17/12/2025 16:54:40;;;-$ 136,16;$ 566,66;$ 4,16;$ 0,00;$ 0,00;$ 0,00;$ 0,00;$ 132,00;$ 132,00;$ 268,16;0;
111;MNQ MAR26;APEX3264990000015;;Long;3;24914,75;24902,25;17/12/2025 16:54:56;17/12/2025 16:55:00;;;-$ 78,12;$ 488,54;$ 3,12;$ 0,00;$ 0,00;$ 0,00;$ 0,00;$ 75,00;$ 75,00;$ 153,12;0;
112;MNQ MAR26;APEX3264990000015;;Long;5;25162,50;25166,75;18/12/2025 09:30:49;18/12/2025 09:31:13;;;$ 37,30;$ 525,84;$ 5,20;$ 0,00;$ 0,00;$ 0,00;$ 0,00;$ 42,50;$ 42,50;$ 5,20;0;
113;MNQ MAR26;APEX3264990000015;;Long;1;25168,50;25165,50;18/12/2025 09:31:21;18/12/2025 09:31:50;;;-$ 7,04;$ 518,80;$ 1,04;$ 0,00;$ 0,00;$ 0,00;$ 0,00;$ 6,00;$ 6,00;$ 13,04;0;
114;MNQ MAR26;APEX3264990000015;;Long;1;25173,00;25165,50;18/12/2025 09:31:25;18/12/2025 09:31:50;;;-$ 16,04;$ 502,76;$ 1,04;$ 0,00;$ 0,00;$ 0,00;$ 0,00;$ 15,00;$ 15,00;$ 31,04;0;
115;MNQ MAR26;APEX3264990000015;;Long;1;25172,00;25165,50;18/12/2025 09:31:25;18/12/2025 09:31:50;;;-$ 14,04;$ 488,72;$ 1,04;$ 0,00;$ 0,00;$ 0,00;$ 0,00;$ 13,00;$ 13,00;$ 27,04;0;
116;MNQ MAR26;APEX3264990000015;;Long;1;25172,00;25165,50;18/12/2025 09:31:26;18/12/2025 09:31:50;;;-$ 14,04;$ 474,68;$ 1,04;$ 0,00;$ 0,00;$ 0,00;$ 0,00;$ 13,00;$ 13,00;$ 27,04;0;
117;MNQ MAR26;APEX3264990000015;;Long;2;25173,00;25184,50;18/12/2025 09:32:20;18/12/2025 09:32:58;;;$ 43,92;$ 518,60;$ 2,08;$ 0,00;$ 0,00;$ 0,00;$ 0,00;$ 45,00;$ 46,00;$ 2,08;0;
118;MNQ MAR26;APEX3264990000015;;Long;2;25173,00;25184,50;18/12/2025 09:32:20;18/12/2025 09:32:58;;;$ 43,92;$ 562,52;$ 2,08;$ 0,00;$ 0,00;$ 0,00;$ 0,00;$ 45,00;$ 46,00;$ 2,08;0;
119;MNQ MAR26;APEX3264990000015;;Long;3;25173,00;25184,50;18/12/2025 09:32:20;18/12/2025 09:32:58;;;$ 65,88;$ 628,40;$ 3,12;$ 0,00;$ 0,00;$ 0,00;$ 0,00;$ 67,50;$ 69,00;$ 3,12;0;
120;MNQ MAR26;APEX3264990000015;;Long;3;25173,00;25184,25;18/12/2025 09:32:20;18/12/2025 09:32:58;;;$ 64,38;$ 692,78;$ 3,12;$ 0,00;$ 0,00;$ 0,00;$ 0,00;$ 67,50;$ 69,00;$ 4,62;0;
121;MNQ MAR26;APEX3264990000015;;Long;2;25172,75;25184,25;18/12/2025 09:32:20;18/12/2025 09:32:58;;;$ 43,92;$ 736,70;$ 2,08;$ 0,00;$ 0,00;$ 0,00;$ 0,00;$ 46,00;$ 47,00;$ 3,08;0;
122;MNQ MAR26;APEX3264990000015;;Long;3;25172,75;25184,50;18/12/2025 09:32:20;18/12/2025 09:32:58;;;$ 67,38;$ 804,08;$ 3,12;$ 0,00;$ 0,00;$ 0,00;$ 0,00;$ 69,00;$ 70,50;$ 3,12;0;
123;MNQ MAR26;APEX3264990000015;;Long;5;25172,75;25184,25;18/12/2025 09:32:20;18/12/2025 09:32:58;;;$ 109,80;$ 913,88;$ 5,20;$ 0,00;$ 0,00;$ 0,00;$ 0,00;$ 115,00;$ 117,50;$ 7,70;0;
124;MNQ MAR26;APEX3264990000015;;Short;5;25268,50;25215,00;18/12/2025 10:34:19;18/12/2025 10:39:56;;;$ 529,80;$ 1443,68;$ 5,20;$ 0,00;$ 0,00;$ 0,00;$ 0,00;$ 535,00;$ 535,00;$ 5,20;0;
125;MNQ MAR26;APEX3264990000015;;Long;3;25270,75;25307,00;18/12/2025 15:04:42;18/12/2025 15:11:57;;;$ 214,38;$ 1658,06;$ 3,12;$ 0,00;$ 0,00;$ 0,00;$ 0,00;$ 217,50;$ 217,50;$ 3,12;0;
126;MNQ MAR26;APEX3264990000015;;Long;4;25270,75;25307,00;18/12/2025 15:04:42;18/12/2025 15:11:57;;;$ 285,84;$ 1943,90;$ 4,16;$ 0,00;$ 0,00;$ 0,00;$ 0,00;$ 290,00;$ 290,00;$ 4,16;0;
127;MNQ MAR26;APEX3264990000015;;Long;3;25269,50;25307,00;18/12/2025 15:05:08;18/12/2025 15:11:57;;;$ 221,88;$ 2165,78;$ 3,12;$ 0,00;$ 0,00;$ 0,00;$ 0,00;$ 225,00;$ 225,00;$ 3,12;0;
128;MNQ MAR26;APEX3264990000015;;Long;5;25248,00;25232,00;18/12/2025 15:51:55;18/12/2025 15:53:01;;;-$ 165,20;$ 2000,58;$ 5,20;$ 0,00;$ 0,00;$ 0,00;$ 0,00;$ 160,00;$ 160,00;$ 325,20;0;
129;MNQ MAR26;APEX3264990000015;;Short;5;25281,75;25291,25;18/12/2025 16:14:32;18/12/2025 16:14:48;;;-$ 100,20;$ 1900,38;$ 5,20;$ 0,00;$ 0,00;$ 0,00;$ 0,00;$ 95,00;$ 95,00;$ 195,20;0;
130;MNQ MAR26;APEX3264990000015;;Short;5;25290,75;25277,75;18/12/2025 16:15:24;18/12/2025 16:17:48;;;$ 124,80;$ 2025,18;$ 5,20;$ 0,00;$ 0,00;$ 0,00;$ 0,00;$ 130,00;$ 130,00;$ 5,20;0;
131;MNQ MAR26;APEX3264990000015;;Short;5;25302,50;25316,00;18/12/2025 16:29:05;18/12/2025 16:34:41;;;-$ 140,20;$ 1884,98;$ 5,20;$ 0,00;$ 0,00;$ 0,00;$ 0,00;$ 135,00;$ 135,00;$ 275,20;0;
132;MNQ MAR26;APEX3264990000015;;Short;5;25307,25;25316,00;18/12/2025 16:29:37;18/12/2025 16:34:41;;;-$ 92,70;$ 1792,28;$ 5,20;$ 0,00;$ 0,00;$ 0,00;$ 0,00;$ 87,50;$ 87,50;$ 180,20;0;
133;MNQ MAR26;APEX3264990000015;;Short;5;25309,50;25316,00;18/12/2025 16:31:31;18/12/2025 16:34:41;;;-$ 70,20;$ 1722,08;$ 5,20;$ 0,00;$ 0,00;$ 0,00;$ 0,00;$ 65,00;$ 65,00;$ 135,20;0;
134;MNQ MAR26;APEX3264990000015;;Short;1;25321,00;25319,00;18/12/2025 16:35:25;18/12/2025 16:36:37;;;$ 2,96;$ 1725,04;$ 1,04;$ 0,00;$ 0,00;$ 0,00;$ 0,00;$ 4,00;$ 5,50;$ 2,54;0;
135;MNQ MAR26;APEX3264990000015;;Short;5;25321,00;25318,25;18/12/2025 16:35:25;18/12/2025 16:37:22;;;$ 22,30;$ 1747,34;$ 5,20;$ 0,00;$ 0,00;$ 0,00;$ 0,00;$ 20,00;$ 27,50;$ 5,20;0;
136;MNQ MAR26;APEX3264990000015;;Short;4;25321,00;25318,25;18/12/2025 16:35:25;18/12/2025 16:37:22;;;$ 17,84;$ 1765,18;$ 4,16;$ 0,00;$ 0,00;$ 0,00;$ 0,00;$ 16,00;$ 22,00;$ 4,16;0;
137;MNQ MAR26;APEX3264990000015;;Short;1;25314,25;25318,25;18/12/2025 16:37:00;18/12/2025 16:37:22;;;-$ 9,04;$ 1756,14;$ 1,04;$ 0,00;$ 0,00;$ 0,00;$ 0,00;$ 8,00;$ 8,00;$ 17,04;0;
138;MNQ MAR26;APEX3264990000015;;Short;4;25314,25;25318,25;18/12/2025 16:37:00;18/12/2025 16:37:22;;;-$ 36,16;$ 1719,98;$ 4,16;$ 0,00;$ 0,00;$ 0,00;$ 0,00;$ 32,00;$ 32,00;$ 68,16;0;
139;MNQ MAR26;APEX3264990000015;;Short;1;25317,50;25318,25;18/12/2025 16:37:21;18/12/2025 16:37:22;;;-$ 2,54;$ 1717,44;$ 1,04;$ 0,00;$ 0,00;$ 0,00;$ 0,00;$ 2,00;$ 1,50;$ 4,04;0;
140;MNQ MAR26;APEX3264990000015;;Short;4;25317,50;25318,50;18/12/2025 16:37:21;18/12/2025 16:37:22;;;-$ 12,16;$ 1705,28;$ 4,16;$ 0,00;$ 0,00;$ 0,00;$ 0,00;$ 8,00;$ 6,00;$ 18,16;0;
141;MNQ MAR26;APEX3264990000015;;Short;5;25317,25;25316,75;18/12/2025 16:37:28;18/12/2025 16:41:32;;;-$ 0,20;$ 1705,08;$ 5,20;$ 0,00;$ 0,00;$ 0,00;$ 0,00;$ 2,50;$ 5,00;$ 5,20;0;
142;MNQ MAR26;APEX3264990000015;;Short;9;25317,25;25316,75;18/12/2025 16:37:28;18/12/2025 16:41:32;;;-$ 0,36;$ 1704,72;$ 9,36;$ 0,00;$ 0,00;$ 0,00;$ 0,00;$ 4,50;$ 9,00;$ 9,36;0;
143;MNQ MAR26;APEX3264990000015;;Short;1;25317,25;25317,00;18/12/2025 16:37:28;18/12/2025 16:41:32;;;-$ 0,54;$ 1704,18;$ 1,04;$ 0,00;$ 0,00;$ 0,00;$ 0,00;$ 0,50;$ 1,00;$ 1,54;0;
144;MNQ MAR26;APEX3264990000015;;Short;5;25320,75;25317,00;18/12/2025 16:37:52;18/12/2025 16:41:32;;;$ 32,30;$ 1736,48;$ 5,20;$ 0,00;$ 0,00;$ 0,00;$ 0,00;$ 37,50;$ 37,50;$ 5,20;0;
145;MNQ MAR26;APEX3264990000015;;Short;5;25316,50;25324,75;18/12/2025 16:42:15;18/12/2025 16:42:42;;;-$ 87,70;$ 1648,78;$ 5,20;$ 0,00;$ 0,00;$ 0,00;$ 0,00;$ 85,00;$ 82,50;$ 170,20;0;
146;MNQ MAR26;APEX3264990000015;;Short;8;25316,50;25324,75;18/12/2025 16:42:15;18/12/2025 16:42:43;;;-$ 140,32;$ 1508,46;$ 8,32;$ 0,00;$ 0,00;$ 0,00;$ 0,00;$ 136,00;$ 132,00;$ 272,32;0;
147;MNQ MAR26;APEX3264990000015;;Short;2;25316,50;25324,75;18/12/2025 16:42:15;18/12/2025 16:42:44;;;-$ 35,08;$ 1473,38;$ 2,08;$ 0,00;$ 0,00;$ 0,00;$ 0,00;$ 34,00;$ 33,00;$ 68,08;0;
148;MNQ MAR26;APEX3264990000015;;Short;1;25316,50;25324,75;18/12/2025 16:42:15;18/12/2025 16:42:46;;;-$ 17,54;$ 1455,84;$ 1,04;$ 0,00;$ 0,00;$ 0,00;$ 0,00;$ 17,00;$ 16,50;$ 34,04;0;
149;MNQ MAR26;APEX3264990000015;;Short;14;25316,50;25325,00;18/12/2025 16:42:15;18/12/2025 16:42:48;;;-$ 252,56;$ 1203,28;$ 14,56;$ 0,00;$ 0,00;$ 0,00;$ 0,00;$ 238,00;$ 231,00;$ 483,56;0;
150;MNQ MAR26;APEX3264990000015;;Short;5;25338,75;25320,50;18/12/2025 16:47:27;18/12/2025 16:48:28;;;$ 177,30;$ 1380,58;$ 5,20;$ 0,00;$ 0,00;$ 0,00;$ 0,00;$ 175,00;$ 182,50;$ 5,20;0;
151;MNQ MAR26;APEX3264990000015;;Short;15;25338,75;25321,25;18/12/2025 16:47:27;18/12/2025 16:48:48;;;$ 509,40;$ 1889,98;$ 15,60;$ 0,00;$ 0,00;$ 0,00;$ 0,00;$ 525,00;$ 547,50;$ 38,10;0;
152;MNQ MAR26;APEX3264990000015;;Short;10;25330,75;25321,00;18/12/2025 16:50:02;18/12/2025 16:50:29;;;$ 184,60;$ 2074,58;$ 10,40;$ 0,00;$ 0,00;$ 0,00;$ 0,00;$ 195,00;$ 195,00;$ 10,40;0;
153;MNQ MAR26;APEX3264990000015;;Long;5;25294,75;25285,50;19/12/2025 08:56:23;19/12/2025 08:58:42;;;-$ 97,70;$ 1976,88;$ 5,20;$ 0,00;$ 0,00;$ 0,00;$ 0,00;$ 92,50;$ 92,50;$ 190,20;0;
154;MNQ MAR26;APEX3264990000015;;Long;2;25294,75;25285,50;19/12/2025 08:56:23;19/12/2025 08:58:42;;;-$ 39,08;$ 1937,80;$ 2,08;$ 0,00;$ 0,00;$ 0,00;$ 0,00;$ 37,00;$ 37,00;$ 76,08;0;
155;MNQ MAR26;APEX3264990000015;;Long;3;25295,25;25285,50;19/12/2025 08:56:36;19/12/2025 08:58:42;;;-$ 61,62;$ 1876,18;$ 3,12;$ 0,00;$ 0,00;$ 0,00;$ 0,00;$ 58,50;$ 58,50;$ 120,12;0;
156;MNQ MAR26;APEX3264990000015;;Long;2;25292,25;25285,50;19/12/2025 08:58:21;19/12/2025 08:58:42;;;-$ 29,08;$ 1847,10;$ 2,08;$ 0,00;$ 0,00;$ 0,00;$ 0,00;$ 27,00;$ 27,00;$ 56,08;0;
157;MNQ MAR26;APEX3264990000015;;Long;3;25292,25;25285,50;19/12/2025 08:58:21;19/12/2025 08:58:42;;;-$ 43,62;$ 1803,48;$ 3,12;$ 0,00;$ 0,00;$ 0,00;$ 0,00;$ 40,50;$ 40,50;$ 84,12;0;
158;MNQ MAR26;APEX3264990000015;;Long;2;25285,00;25309,75;19/12/2025 08:59:44;19/12/2025 09:22:03;;;$ 96,92;$ 1900,40;$ 2,08;$ 0,00;$ 0,00;$ 0,00;$ 0,00;$ 98,00;$ 99,00;$ 2,08;0;
159;MNQ MAR26;APEX3264990000015;;Long;2;25285,00;25309,75;19/12/2025 08:59:44;19/12/2025 09:22:03;;;$ 96,92;$ 1997,32;$ 2,08;$ 0,00;$ 0,00;$ 0,00;$ 0,00;$ 98,00;$ 99,00;$ 2,08;0;
160;MNQ MAR26;APEX3264990000015;;Long;2;25285,00;25309,75;19/12/2025 08:59:44;19/12/2025 09:22:03;;;$ 96,92;$ 2094,24;$ 2,08;$ 0,00;$ 0,00;$ 0,00;$ 0,00;$ 98,00;$ 99,00;$ 2,08;0;
161;MNQ MAR26;APEX3264990000015;;Long;3;25285,00;25309,50;19/12/2025 08:59:44;19/12/2025 09:22:04;;;$ 143,88;$ 2238,12;$ 3,12;$ 0,00;$ 0,00;$ 0,00;$ 0,00;$ 147,00;$ 148,50;$ 4,62;0;
162;MNQ MAR26;APEX3264990000015;;Long;1;25285,00;25309,50;19/12/2025 08:59:44;19/12/2025 09:22:04;;;$ 47,96;$ 2286,08;$ 1,04;$ 0,00;$ 0,00;$ 0,00;$ 0,00;$ 49,00;$ 49,50;$ 1,54;0;
163;MNQ MAR26;APEX3264990000015;;Long;2;25284,00;25309,50;19/12/2025 09:00:20;19/12/2025 09:22:04;;;$ 99,92;$ 2386,00;$ 2,08;$ 0,00;$ 0,00;$ 0,00;$ 0,00;$ 102,00;$ 102,00;$ 2,08;0;
164;MNQ MAR26;APEX3264990000015;;Long;3;25284,00;25309,50;19/12/2025 09:00:20;19/12/2025 09:22:04;;;$ 149,88;$ 2535,88;$ 3,12;$ 0,00;$ 0,00;$ 0,00;$ 0,00;$ 153,00;$ 153,00;$ 3,12;0;
165;MNQ MAR26;APEX3264990000015;;Long;5;25283,50;25309,50;19/12/2025 09:01:38;19/12/2025 09:22:04;;;$ 254,80;$ 2790,68;$ 5,20;$ 0,00;$ 0,00;$ 0,00;$ 0,00;$ 260,00;$ 260,00;$ 5,20;0;
166;MNQ MAR26;APEX3264990000015;;Long;3;25309,50;25315,50;19/12/2025 09:42:08;19/12/2025 10:00:25;;;$ 32,88;$ 2823,56;$ 3,12;$ 0,00;$ 0,00;$ 0,00;$ 0,00;$ 36,00;$ 36,00;$ 3,12;0;
167;MNQ MAR26;APEX3264990000015;;Long;3;25309,50;25315,50;19/12/2025 09:42:08;19/12/2025 10:00:25;;;$ 32,88;$ 2856,44;$ 3,12;$ 0,00;$ 0,00;$ 0,00;$ 0,00;$ 36,00;$ 36,00;$ 3,12;0;
168;MNQ MAR26;APEX3264990000015;;Long;2;25309,50;25315,50;19/12/2025 09:42:08;19/12/2025 10:00:26;;;$ 21,92;$ 2878,36;$ 2,08;$ 0,00;$ 0,00;$ 0,00;$ 0,00;$ 24,00;$ 24,00;$ 2,08;0;
169;MNQ MAR26;APEX3264990000015;;Long;2;25309,50;25315,50;19/12/2025 09:42:08;19/12/2025 10:00:26;;;$ 21,92;$ 2900,28;$ 2,08;$ 0,00;$ 0,00;$ 0,00;$ 0,00;$ 24,00;$ 24,00;$ 2,08;0;
170;MNQ MAR26;APEX3264990000015;;Long;1;25318,75;25315,50;19/12/2025 09:46:12;19/12/2025 10:00:26;;;-$ 7,54;$ 2892,74;$ 1,04;$ 0,00;$ 0,00;$ 0,00;$ 0,00;$ 7,00;$ 6,50;$ 14,04;0;
171;MNQ MAR26;APEX3264990000015;;Long;1;25318,75;25315,50;19/12/2025 09:46:12;19/12/2025 10:00:26;;;-$ 7,54;$ 2885,20;$ 1,04;$ 0,00;$ 0,00;$ 0,00;$ 0,00;$ 7,00;$ 6,50;$ 14,04;0;
172;MNQ MAR26;APEX3264990000015;;Long;4;25318,75;25315,25;19/12/2025 09:46:12;19/12/2025 10:00:26;;;-$ 32,16;$ 2853,04;$ 4,16;$ 0,00;$ 0,00;$ 0,00;$ 0,00;$ 28,00;$ 26,00;$ 58,16;0;
173;MNQ MAR26;APEX3264990000015;;Long;4;25318,75;25315,25;19/12/2025 09:46:12;19/12/2025 10:00:26;;;-$ 32,16;$ 2820,88;$ 4,16;$ 0,00;$ 0,00;$ 0,00;$ 0,00;$ 28,00;$ 26,00;$ 58,16;0;
174;MNQ MAR26;APEX3264990000015;;Long;1;25376,25;25391,50;19/12/2025 10:30:23;19/12/2025 10:30:52;;;$ 29,46;$ 2850,34;$ 1,04;$ 0,00;$ 0,00;$ 0,00;$ 0,00;$ 30,00;$ 30,50;$ 1,04;0;
175;MNQ MAR26;APEX3264990000015;;Long;7;25376,25;25391,25;19/12/2025 10:30:23;19/12/2025 10:30:52;;;$ 202,72;$ 3053,06;$ 7,28;$ 0,00;$ 0,00;$ 0,00;$ 0,00;$ 210,00;$ 213,50;$ 10,78;0;
176;MNQ MAR26;APEX3264990000015;;Long;2;25376,25;25391,50;19/12/2025 10:30:23;19/12/2025 10:30:52;;;$ 58,92;$ 3111,98;$ 2,08;$ 0,00;$ 0,00;$ 0,00;$ 0,00;$ 60,00;$ 61,00;$ 2,08;0;
177;MNQ MAR26;APEX3264990000015;;Short;10;25434,00;25434,25;19/12/2025 10:37:27;19/12/2025 10:38:29;;;-$ 15,40;$ 3096,58;$ 10,40;$ 0,00;$ 0,00;$ 0,00;$ 0,00;$ 5,00;$ 5,00;$ 20,40;0;
178;MNQ MAR26;APEX3264990000015;;Short;5;25563,25;25563,50;19/12/2025 10:47:39;19/12/2025 10:59:18;;;-$ 7,70;$ 3088,88;$ 5,20;$ 0,00;$ 0,00;$ 0,00;$ 0,00;$ 2,50;$ 2,50;$ 10,20;0;
179;MNQ MAR26;APEX3264990000015;;Short;5;25563,25;25563,50;19/12/2025 10:47:39;19/12/2025 10:59:18;;;-$ 7,70;$ 3081,18;$ 5,20;$ 0,00;$ 0,00;$ 0,00;$ 0,00;$ 2,50;$ 2,50;$ 10,20;0;
180;MNQ MAR26;APEX3264990000015;;Short;5;25569,50;25563,50;19/12/2025 10:48:04;19/12/2025 10:59:18;;;$ 54,80;$ 3135,98;$ 5,20;$ 0,00;$ 0,00;$ 0,00;$ 0,00;$ 60,00;$ 60,00;$ 5,20;0;
181;MNQ MAR26;APEX3264990000015;;Short;2;25550,25;25534,50;19/12/2025 11:08:25;19/12/2025 11:19:24;;;$ 60,92;$ 3196,90;$ 2,08;$ 0,00;$ 0,00;$ 0,00;$ 0,00;$ 63,00;$ 63,00;$ 2,08;0;
182;MNQ MAR26;APEX3264990000015;;Short;2;25550,25;25534,50;19/12/2025 11:08:25;19/12/2025 11:19:24;;;$ 60,92;$ 3257,82;$ 2,08;$ 0,00;$ 0,00;$ 0,00;$ 0,00;$ 63,00;$ 63,00;$ 2,08;0;
183;MNQ MAR26;APEX3264990000015;;Short;1;25550,25;25534,50;19/12/2025 11:08:25;19/12/2025 11:19:24;;;$ 30,46;$ 3288,28;$ 1,04;$ 0,00;$ 0,00;$ 0,00;$ 0,00;$ 31,50;$ 31,50;$ 1,04;0;
184;MNQ MAR26;APEX3264990000015;;Short;1;25551,50;25534,50;19/12/2025 11:08:34;19/12/2025 11:19:24;;;$ 32,96;$ 3321,24;$ 1,04;$ 0,00;$ 0,00;$ 0,00;$ 0,00;$ 33,50;$ 34,00;$ 1,04;0;
185;MNQ MAR26;APEX3264990000015;;Short;3;25551,50;25534,75;19/12/2025 11:08:34;19/12/2025 11:19:24;;;$ 97,38;$ 3418,62;$ 3,12;$ 0,00;$ 0,00;$ 0,00;$ 0,00;$ 100,50;$ 102,00;$ 4,62;0;
186;MNQ MAR26;APEX3264990000015;;Short;1;25551,50;25534,75;19/12/2025 11:08:34;19/12/2025 11:19:24;;;$ 32,46;$ 3451,08;$ 1,04;$ 0,00;$ 0,00;$ 0,00;$ 0,00;$ 33,50;$ 34,00;$ 1,54;0;
187;MNQ MAR26;APEX3264990000015;;Short;2;25557,75;25534,75;19/12/2025 11:08:44;19/12/2025 11:19:24;;;$ 89,92;$ 3541,00;$ 2,08;$ 0,00;$ 0,00;$ 0,00;$ 0,00;$ 92,00;$ 92,00;$ 2,08;0;
188;MNQ MAR26;APEX3264990000015;;Short;3;25557,75;25534,75;19/12/2025 11:08:44;19/12/2025 11:19:24;;;$ 134,88;$ 3675,88;$ 3,12;$ 0,00;$ 0,00;$ 0,00;$ 0,00;$ 138,00;$ 138,00;$ 3,12;0;
189;MNQ MAR26;APEX3264990000015;;Long;1;25490,50;25539,75;19/12/2025 11:30:27;19/12/2025 11:35:52;;;$ 97,46;$ 3773,34;$ 1,04;$ 0,00;$ 0,00;$ 0,00;$ 0,00;$ 96,00;$ 98,50;$ 1,04;0;
190;MNQ MAR26;APEX3264990000015;;Long;1;25490,50;25539,75;19/12/2025 11:30:27;19/12/2025 11:35:52;;;$ 97,46;$ 3870,80;$ 1,04;$ 0,00;$ 0,00;$ 0,00;$ 0,00;$ 96,00;$ 98,50;$ 1,04;0;
191;MNQ MAR26;APEX3264990000015;;Long;1;25490,50;25539,75;19/12/2025 11:30:27;19/12/2025 11:35:52;;;$ 97,46;$ 3968,26;$ 1,04;$ 0,00;$ 0,00;$ 0,00;$ 0,00;$ 96,00;$ 98,50;$ 1,04;0;
192;MNQ MAR26;APEX3264990000015;;Long;2;25490,50;25538,50;19/12/2025 11:30:27;19/12/2025 11:35:52;;;$ 189,92;$ 4158,18;$ 2,08;$ 0,00;$ 0,00;$ 0,00;$ 0,00;$ 192,00;$ 197,00;$ 7,08;0;
193;MNQ MAR26;APEX3264990000015;;Long;2;25487,50;25538,50;19/12/2025 11:30:44;19/12/2025 11:35:52;;;$ 201,92;$ 4360,10;$ 2,08;$ 0,00;$ 0,00;$ 0,00;$ 0,00;$ 204,00;$ 204,00;$ 2,08;0;
194;MNQ MAR26;APEX3264990000015;;Long;3;25487,50;25538,50;19/12/2025 11:30:44;19/12/2025 11:35:52;;;$ 302,88;$ 4662,98;$ 3,12;$ 0,00;$ 0,00;$ 0,00;$ 0,00;$ 306,00;$ 306,00;$ 3,12;0;
195;MNQ MAR26;APEX3264990000015;;Long;1;25484,00;25538,50;19/12/2025 11:31:01;19/12/2025 11:35:52;;;$ 107,96;$ 4770,94;$ 1,04;$ 0,00;$ 0,00;$ 0,00;$ 0,00;$ 109,00;$ 109,00;$ 1,04;0;
196;MNQ MAR26;APEX3264990000015;;Long;4;25484,00;25538,50;19/12/2025 11:31:01;19/12/2025 11:35:52;;;$ 431,84;$ 5202,78;$ 4,16;$ 0,00;$ 0,00;$ 0,00;$ 0,00;$ 436,00;$ 436,00;$ 4,16;0;
